"0","F","100000","","口腔全体現存歯部分指定なし","","99999999"
"0","F","100010","","口腔全体部（部を示す場合に使用）部分指定なし","","99999999"
"0","F","100020","","口腔全体欠損歯部分指定なし","","99999999"
"0","F","100100","","上顎歯列現存歯部分指定なし","","99999999"
"0","F","100110","","上顎歯列部（部を示す場合に使用）部分指定なし","","99999999"
"0","F","100120","","上顎歯列欠損歯部分指定なし","","99999999"
"0","F","100200","","下顎歯列現存歯部分指定なし","","99999999"
"0","F","100210","","下顎歯列部（部を示す場合に使用）部分指定なし","","99999999"
"0","F","100220","","下顎歯列欠損歯部分指定なし","","99999999"
"0","F","100300","","右側上顎臼歯現存歯部分指定なし","","99999999"
"0","F","100310","","右側上顎臼歯部（部を示す場合に使用）部分指定なし","","99999999"
"0","F","100320","","右側上顎臼歯欠損歯部分指定なし","","99999999"
"0","F","100400","","上顎前歯現存歯部分指定なし","","99999999"
"0","F","100410","","上顎前歯部（部を示す場合に使用）部分指定なし","","99999999"
"0","F","100420","","上顎前歯欠損歯部分指定なし","","99999999"
"0","F","100500","","左側上顎臼歯現存歯部分指定なし","","99999999"
"0","F","100510","","左側上顎臼歯部（部を示す場合に使用）部分指定なし","","99999999"
"0","F","100520","","左側上顎臼歯欠損歯部分指定なし","","99999999"
"0","F","100600","","左側下顎臼歯現存歯部分指定なし","","99999999"
"0","F","100610","","左側下顎臼歯部（部を示す場合に使用）部分指定なし","","99999999"
"0","F","100620","","左側下顎臼歯欠損歯部分指定なし","","99999999"
"0","F","100700","","下顎前歯現存歯部分指定なし","","99999999"
"0","F","100710","","下顎前歯部（部を示す場合に使用）部分指定なし","","99999999"
"0","F","100720","","下顎前歯欠損歯部分指定なし","","99999999"
"0","F","100800","","右側下顎臼歯現存歯部分指定なし","","99999999"
"0","F","100810","","右側下顎臼歯部（部を示す場合に使用）部分指定なし","","99999999"
"0","F","100820","","右側下顎臼歯欠損歯部分指定なし","","99999999"
"0","F","101000","","右上顎歯列現存歯部分指定なし","","99999999"
"0","F","101010","","右上顎歯列部（部を示す場合に使用）部分指定なし","","99999999"
"0","F","101020","","右上顎歯列欠損歯部分指定なし","","99999999"
"0","F","102000","","左上顎歯列現存歯部分指定なし","","99999999"
"0","F","102010","","左上顎歯列部（部を示す場合に使用）部分指定なし","","99999999"
"0","F","102020","","左上顎歯列欠損歯部分指定なし","","99999999"
"0","F","103000","","左下顎歯列現存歯部分指定なし","","99999999"
"0","F","103010","","左下顎歯列部（部を示す場合に使用）部分指定なし","","99999999"
"0","F","103020","","左下顎歯列欠損歯部分指定なし","","99999999"
"0","F","104000","","右下顎歯列現存歯部分指定なし","","99999999"
"0","F","104010","","右下顎歯列部（部を示す場合に使用）部分指定なし","","99999999"
"0","F","104020","","右下顎歯列欠損歯部分指定なし","","99999999"
"0","F","101100","","右側上顎中切歯現存歯部分指定なし","","99999999"
"0","F","101110","","右側上顎中切歯部（部を示す場合に使用）部分指定なし","","99999999"
"0","F","101120","","右側上顎中切歯欠損歯部分指定なし","","99999999"
"0","F","101130","","右側上顎中切歯支台歯部分指定なし","","99999999"
"0","F","101150","","右側上顎中切歯便宜抜髄支台歯部分指定なし","","99999999"
"0","F","101160","","右側上顎中切歯残根部分指定なし","","99999999"
"0","F","101170","","右側上顎中切歯部インプラント部分指定なし","","99999999"
"0","F","101180","","右側上顎中切歯部近心隙部分指定なし","","99999999"
"0","F","101190","","右側上顎中切歯近心位に存在部分指定なし","","99999999"
"0","F","101200","","右側上顎側切歯現存歯部分指定なし","","99999999"
"0","F","101210","","右側上顎側切歯部（部を示す場合に使用）部分指定なし","","99999999"
"0","F","101220","","右側上顎側切歯欠損歯部分指定なし","","99999999"
"0","F","101230","","右側上顎側切歯支台歯部分指定なし","","99999999"
"0","F","101250","","右側上顎側切歯便宜抜髄支台歯部分指定なし","","99999999"
"0","F","101260","","右側上顎側切歯残根部分指定なし","","99999999"
"0","F","101270","","右側上顎側切歯部インプラント部分指定なし","","99999999"
"0","F","101280","","右側上顎側切歯部近心隙部分指定なし","","99999999"
"0","F","101290","","右側上顎側切歯近心位に存在部分指定なし","","99999999"
"0","F","101300","","右側上顎犬歯現存歯部分指定なし","","99999999"
"0","F","101310","","右側上顎犬歯部（部を示す場合に使用）部分指定なし","","99999999"
"0","F","101320","","右側上顎犬歯欠損歯部分指定なし","","99999999"
"0","F","101330","","右側上顎犬歯支台歯部分指定なし","","99999999"
"0","F","101350","","右側上顎犬歯便宜抜髄支台歯部分指定なし","","99999999"
"0","F","101360","","右側上顎犬歯残根部分指定なし","","99999999"
"0","F","101370","","右側上顎犬歯部インプラント部分指定なし","","99999999"
"0","F","101380","","右側上顎犬歯部近心隙部分指定なし","","99999999"
"0","F","101390","","右側上顎犬歯近心位に存在部分指定なし","","99999999"
"0","F","101400","","右側上顎第１小臼歯現存歯部分指定なし","","99999999"
"0","F","101410","","右側上顎第１小臼歯部（部を示す場合に使用）部分指定なし","","99999999"
"0","F","101420","","右側上顎第１小臼歯欠損歯部分指定なし","","99999999"
"0","F","101430","","右側上顎第１小臼歯支台歯部分指定なし","","99999999"
"0","F","101450","","右側上顎第１小臼歯便宜抜髄支台歯部分指定なし","","99999999"
"0","F","101460","","右側上顎第１小臼歯残根部分指定なし","","99999999"
"0","F","101470","","右側上顎第１小臼歯部インプラント部分指定なし","","99999999"
"0","F","101480","","右側上顎第１小臼歯部近心隙部分指定なし","","99999999"
"0","F","101490","","右側上顎第１小臼歯近心位に存在部分指定なし","","99999999"
"0","F","101500","","右側上顎第２小臼歯現存歯部分指定なし","","99999999"
"0","F","101510","","右側上顎第２小臼歯部（部を示す場合に使用）部分指定なし","","99999999"
"0","F","101520","","右側上顎第２小臼歯欠損歯部分指定なし","","99999999"
"0","F","101530","","右側上顎第２小臼歯支台歯部分指定なし","","99999999"
"0","F","101550","","右側上顎第２小臼歯便宜抜髄支台歯部分指定なし","","99999999"
"0","F","101560","","右側上顎第２小臼歯残根部分指定なし","","99999999"
"0","F","101570","","右側上顎第２小臼歯部インプラント部分指定なし","","99999999"
"0","F","101580","","右側上顎第２小臼歯部近心隙部分指定なし","","99999999"
"0","F","101590","","右側上顎第２小臼歯近心位に存在部分指定なし","","99999999"
"0","F","101600","","右側上顎第１大臼歯現存歯部分指定なし","","99999999"
"0","F","101601","","右側上顎第１大臼歯現存歯遠心頬側根","20081224","99999999"
"0","F","101602","","右側上顎第１大臼歯現存歯近心頬側根","20081224","99999999"
"0","F","101603","","右側上顎第１大臼歯現存歯近心頬側根および遠心頬側根","20081224","99999999"
"0","F","101604","","右側上顎第１大臼歯現存歯舌側（口蓋）根","20081224","99999999"
"0","F","101605","","右側上顎第１大臼歯現存歯舌側（口蓋）根および遠心頬側根","20081224","99999999"
"0","F","101606","","右側上顎第１大臼歯現存歯舌側（口蓋）根および近心頬側根","20081224","99999999"
"0","F","101607","","右側上顎第１大臼歯現存歯遠心根","20081224","99999999"
"0","F","101608","","右側上顎第１大臼歯現存歯近心根","20081224","99999999"
"0","F","101610","","右側上顎第１大臼歯部（部を示す場合に使用）部分指定なし","","99999999"
"0","F","101620","","右側上顎第１大臼歯欠損歯部分指定なし","","99999999"
"0","F","101621","","右側上顎第１大臼歯欠損歯遠心頬側根","20081224","99999999"
"0","F","101622","","右側上顎第１大臼歯欠損歯近心頬側根","20081224","99999999"
"0","F","101623","","右側上顎第１大臼歯欠損歯近心頬側根および遠心頬側根","20081224","99999999"
"0","F","101624","","右側上顎第１大臼歯欠損歯舌側（口蓋）根","20081224","99999999"
"0","F","101625","","右側上顎第１大臼歯欠損歯舌側（口蓋）根および遠心頬側根","20081224","99999999"
"0","F","101626","","右側上顎第１大臼歯欠損歯舌側（口蓋）根および近心頬側根","20081224","99999999"
"0","F","101627","","右側上顎第１大臼歯欠損歯遠心根","20081224","99999999"
"0","F","101628","","右側上顎第１大臼歯欠損歯近心根","20081224","99999999"
"0","F","101630","","右側上顎第１大臼歯支台歯部分指定なし","","99999999"
"0","F","101631","","右側上顎第１大臼歯支台歯遠心頬側根","20081224","99999999"
"0","F","101632","","右側上顎第１大臼歯支台歯近心頬側根","20081224","99999999"
"0","F","101633","","右側上顎第１大臼歯支台歯近心頬側根および遠心頬側根","20081224","99999999"
"0","F","101634","","右側上顎第１大臼歯支台歯舌側（口蓋）根","20081224","99999999"
"0","F","101635","","右側上顎第１大臼歯支台歯舌側（口蓋）根および遠心頬側根","20081224","99999999"
"0","F","101636","","右側上顎第１大臼歯支台歯舌側（口蓋）根および近心頬側根","20081224","99999999"
"0","F","101637","","右側上顎第１大臼歯支台歯遠心根","20081224","99999999"
"0","F","101638","","右側上顎第１大臼歯支台歯近心根","20081224","99999999"
"0","F","101640","","右側上顎第１大臼歯分割抜歯支台（根）部分指定なし","","99999999"
"0","F","101641","","右側上顎第１大臼歯分割抜歯支台（根）遠心頬側根","","99999999"
"0","F","101642","","右側上顎第１大臼歯分割抜歯支台（根）近心頬側根","","99999999"
"0","F","101643","","右側上顎第１大臼歯分割抜歯支台（根）近心頬側根および遠心頬側根","","99999999"
"0","F","101644","","右側上顎第１大臼歯分割抜歯支台（根）舌側（口蓋）根","","99999999"
"0","F","101645","","右側上顎第１大臼歯分割抜歯支台（根）舌側（口蓋）根および遠心頬側根","","99999999"
"0","F","101646","","右側上顎第１大臼歯分割抜歯支台（根）舌側（口蓋）根および近心頬側根","","99999999"
"0","F","101647","","右側上顎第１大臼歯分割抜歯支台（根）遠心根","20081224","99999999"
"0","F","101648","","右側上顎第１大臼歯分割抜歯支台（根）近心根","20081224","99999999"
"0","F","101650","","右側上顎第１大臼歯便宜抜髄支台歯部分指定なし","","99999999"
"0","F","101660","","右側上顎第１大臼歯残根部分指定なし","","99999999"
"0","F","101661","","右側上顎第１大臼歯残根遠心頬側根","","99999999"
"0","F","101662","","右側上顎第１大臼歯残根近心頬側根","","99999999"
"0","F","101663","","右側上顎第１大臼歯残根近心頬側根および遠心頬側根","","99999999"
"0","F","101664","","右側上顎第１大臼歯残根舌側（口蓋）根","","99999999"
"0","F","101665","","右側上顎第１大臼歯残根舌側（口蓋）根および遠心頬側根","","99999999"
"0","F","101666","","右側上顎第１大臼歯残根舌側（口蓋）根および近心頬側根","","99999999"
"0","F","101667","","右側上顎第１大臼歯残根遠心根","20081224","99999999"
"0","F","101668","","右側上顎第１大臼歯残根近心根","20081224","99999999"
"0","F","101670","","右側上顎第１大臼歯部インプラント部分指定なし","","99999999"
"0","F","101680","","右側上顎第１大臼歯部近心隙部分指定なし","","99999999"
"0","F","101690","","右側上顎第１大臼歯近心位に存在部分指定なし","","99999999"
"0","F","101700","","右側上顎第２大臼歯現存歯部分指定なし","","99999999"
"0","F","101701","","右側上顎第２大臼歯現存歯遠心頬側根","20081224","99999999"
"0","F","101702","","右側上顎第２大臼歯現存歯近心頬側根","20081224","99999999"
"0","F","101703","","右側上顎第２大臼歯現存歯近心頬側根および遠心頬側根","20081224","99999999"
"0","F","101704","","右側上顎第２大臼歯現存歯舌側（口蓋）根","20081224","99999999"
"0","F","101705","","右側上顎第２大臼歯現存歯舌側（口蓋）根および遠心頬側根","20081224","99999999"
"0","F","101706","","右側上顎第２大臼歯現存歯舌側（口蓋）根および近心頬側根","20081224","99999999"
"0","F","101707","","右側上顎第２大臼歯現存歯遠心根","20081224","99999999"
"0","F","101708","","右側上顎第２大臼歯現存歯近心根","20081224","99999999"
"0","F","101710","","右側上顎第２大臼歯部（部を示す場合に使用）部分指定なし","","99999999"
"0","F","101720","","右側上顎第２大臼歯欠損歯部分指定なし","","99999999"
"0","F","101721","","右側上顎第２大臼歯欠損歯遠心頬側根","20081224","99999999"
"0","F","101722","","右側上顎第２大臼歯欠損歯近心頬側根","20081224","99999999"
"0","F","101723","","右側上顎第２大臼歯欠損歯近心頬側根および遠心頬側根","20081224","99999999"
"0","F","101724","","右側上顎第２大臼歯欠損歯舌側（口蓋）根","20081224","99999999"
"0","F","101725","","右側上顎第２大臼歯欠損歯舌側（口蓋）根および遠心頬側根","20081224","99999999"
"0","F","101726","","右側上顎第２大臼歯欠損歯舌側（口蓋）根および近心頬側根","20081224","99999999"
"0","F","101727","","右側上顎第２大臼歯欠損歯遠心根","20081224","99999999"
"0","F","101728","","右側上顎第２大臼歯欠損歯近心根","20081224","99999999"
"0","F","101730","","右側上顎第２大臼歯支台歯部分指定なし","","99999999"
"0","F","101731","","右側上顎第２大臼歯支台歯遠心頬側根","20081224","99999999"
"0","F","101732","","右側上顎第２大臼歯支台歯近心頬側根","20081224","99999999"
"0","F","101733","","右側上顎第２大臼歯支台歯近心頬側根および遠心頬側根","20081224","99999999"
"0","F","101734","","右側上顎第２大臼歯支台歯舌側（口蓋）根","20081224","99999999"
"0","F","101735","","右側上顎第２大臼歯支台歯舌側（口蓋）根および遠心頬側根","20081224","99999999"
"0","F","101736","","右側上顎第２大臼歯支台歯舌側（口蓋）根および近心頬側根","20081224","99999999"
"0","F","101737","","右側上顎第２大臼歯支台歯遠心根","20081224","99999999"
"0","F","101738","","右側上顎第２大臼歯支台歯近心根","20081224","99999999"
"0","F","101740","","右側上顎第２大臼歯分割抜歯支台（根）部分指定なし","","99999999"
"0","F","101741","","右側上顎第２大臼歯分割抜歯支台（根）遠心頬側根","","99999999"
"0","F","101742","","右側上顎第２大臼歯分割抜歯支台（根）近心頬側根","","99999999"
"0","F","101743","","右側上顎第２大臼歯分割抜歯支台（根）近心頬側根および遠心頬側根","","99999999"
"0","F","101744","","右側上顎第２大臼歯分割抜歯支台（根）舌側（口蓋）根","","99999999"
"0","F","101745","","右側上顎第２大臼歯分割抜歯支台（根）舌側（口蓋）根および遠心頬側根","","99999999"
"0","F","101746","","右側上顎第２大臼歯分割抜歯支台（根）舌側（口蓋）根および近心頬側根","","99999999"
"0","F","101747","","右側上顎第２大臼歯分割抜歯支台（根）遠心根","20081224","99999999"
"0","F","101748","","右側上顎第２大臼歯分割抜歯支台（根）近心根","20081224","99999999"
"0","F","101750","","右側上顎第２大臼歯便宜抜髄支台歯部分指定なし","","99999999"
"0","F","101760","","右側上顎第２大臼歯残根部分指定なし","","99999999"
"0","F","101761","","右側上顎第２大臼歯残根遠心頬側根","","99999999"
"0","F","101762","","右側上顎第２大臼歯残根近心頬側根","","99999999"
"0","F","101763","","右側上顎第２大臼歯残根近心頬側根および遠心頬側根","","99999999"
"0","F","101764","","右側上顎第２大臼歯残根舌側（口蓋）根","","99999999"
"0","F","101765","","右側上顎第２大臼歯残根舌側（口蓋）根および遠心頬側根","","99999999"
"0","F","101766","","右側上顎第２大臼歯残根舌側（口蓋）根および近心頬側根","","99999999"
"0","F","101767","","右側上顎第２大臼歯残根遠心根","20081224","99999999"
"0","F","101768","","右側上顎第２大臼歯残根近心根","20081224","99999999"
"0","F","101770","","右側上顎第２大臼歯部インプラント部分指定なし","","99999999"
"0","F","101780","","右側上顎第２大臼歯部近心隙部分指定なし","","99999999"
"0","F","101790","","右側上顎第２大臼歯近心位に存在部分指定なし","","99999999"
"0","F","101800","","右側上顎第３大臼歯現存歯部分指定なし","","99999999"
"0","F","101810","","右側上顎第３大臼歯部（部を示す場合に使用）部分指定なし","","99999999"
"0","F","101820","","右側上顎第３大臼歯欠損歯部分指定なし","","99999999"
"0","F","101830","","右側上顎第３大臼歯支台歯部分指定なし","","99999999"
"0","F","101850","","右側上顎第３大臼歯便宜抜髄支台歯部分指定なし","","99999999"
"0","F","101860","","右側上顎第３大臼歯残根部分指定なし","","99999999"
"0","F","101870","","右側上顎第３大臼歯部インプラント部分指定なし","","99999999"
"0","F","101880","","右側上顎第３大臼歯部近心隙部分指定なし","","99999999"
"0","F","101890","","右側上顎第３大臼歯近心位に存在部分指定なし","","99999999"
"0","F","102100","","左側上顎中切歯現存歯部分指定なし","","99999999"
"0","F","102110","","左側上顎中切歯部（部を示す場合に使用）部分指定なし","","99999999"
"0","F","102120","","左側上顎中切歯欠損歯部分指定なし","","99999999"
"0","F","102130","","左側上顎中切歯支台歯部分指定なし","","99999999"
"0","F","102150","","左側上顎中切歯便宜抜髄支台歯部分指定なし","","99999999"
"0","F","102160","","左側上顎中切歯残根部分指定なし","","99999999"
"0","F","102170","","左側上顎中切歯部インプラント部分指定なし","","99999999"
"0","F","102190","","左側上顎中切歯近心位に存在部分指定なし","","99999999"
"0","F","102200","","左側上顎側切歯現存歯部分指定なし","","99999999"
"0","F","102210","","左側上顎側切歯部（部を示す場合に使用）部分指定なし","","99999999"
"0","F","102220","","左側上顎側切歯欠損歯部分指定なし","","99999999"
"0","F","102230","","左側上顎側切歯支台歯部分指定なし","","99999999"
"0","F","102250","","左側上顎側切歯便宜抜髄支台歯部分指定なし","","99999999"
"0","F","102260","","左側上顎側切歯残根部分指定なし","","99999999"
"0","F","102270","","左側上顎側切歯部インプラント部分指定なし","","99999999"
"0","F","102280","","左側上顎側切歯部近心隙部分指定なし","","99999999"
"0","F","102290","","左側上顎側切歯近心位に存在部分指定なし","","99999999"
"0","F","102300","","左側上顎犬歯現存歯部分指定なし","","99999999"
"0","F","102310","","左側上顎犬歯部（部を示す場合に使用）部分指定なし","","99999999"
"0","F","102320","","左側上顎犬歯欠損歯部分指定なし","","99999999"
"0","F","102330","","左側上顎犬歯支台歯部分指定なし","","99999999"
"0","F","102350","","左側上顎犬歯便宜抜髄支台歯部分指定なし","","99999999"
"0","F","102360","","左側上顎犬歯残根部分指定なし","","99999999"
"0","F","102370","","左側上顎犬歯部インプラント部分指定なし","","99999999"
"0","F","102380","","左側上顎犬歯部近心隙部分指定なし","","99999999"
"0","F","102390","","左側上顎犬歯近心位に存在部分指定なし","","99999999"
"0","F","102400","","左側上顎第１小臼歯現存歯部分指定なし","","99999999"
"0","F","102410","","左側上顎第１小臼歯部（部を示す場合に使用）部分指定なし","","99999999"
"0","F","102420","","左側上顎第１小臼歯欠損歯部分指定なし","","99999999"
"0","F","102430","","左側上顎第１小臼歯支台歯部分指定なし","","99999999"
"0","F","102450","","左側上顎第１小臼歯便宜抜髄支台歯部分指定なし","","99999999"
"0","F","102460","","左側上顎第１小臼歯残根部分指定なし","","99999999"
"0","F","102470","","左側上顎第１小臼歯部インプラント部分指定なし","","99999999"
"0","F","102480","","左側上顎第１小臼歯部近心隙部分指定なし","","99999999"
"0","F","102490","","左側上顎第１小臼歯近心位に存在部分指定なし","","99999999"
"0","F","102500","","左側上顎第２小臼歯現存歯部分指定なし","","99999999"
"0","F","102510","","左側上顎第２小臼歯部（部を示す場合に使用）部分指定なし","","99999999"
"0","F","102520","","左側上顎第２小臼歯欠損歯部分指定なし","","99999999"
"0","F","102530","","左側上顎第２小臼歯支台歯部分指定なし","","99999999"
"0","F","102550","","左側上顎第２小臼歯便宜抜髄支台歯部分指定なし","","99999999"
"0","F","102560","","左側上顎第２小臼歯残根部分指定なし","","99999999"
"0","F","102570","","左側上顎第２小臼歯部インプラント部分指定なし","","99999999"
"0","F","102580","","左側上顎第２小臼歯部近心隙部分指定なし","","99999999"
"0","F","102590","","左側上顎第２小臼歯近心位に存在部分指定なし","","99999999"
"0","F","102600","","左側上顎第１大臼歯現存歯部分指定なし","","99999999"
"0","F","102601","","左側上顎第１大臼歯現存歯遠心頬側根","20081224","99999999"
"0","F","102602","","左側上顎第１大臼歯現存歯近心頬側根","20081224","99999999"
"0","F","102603","","左側上顎第１大臼歯現存歯近心頬側根および遠心頬側根","20081224","99999999"
"0","F","102604","","左側上顎第１大臼歯現存歯舌側（口蓋）根","20081224","99999999"
"0","F","102605","","左側上顎第１大臼歯現存歯舌側（口蓋）根および遠心頬側根","20081224","99999999"
"0","F","102606","","左側上顎第１大臼歯現存歯舌側（口蓋）根および近心頬側根","20081224","99999999"
"0","F","102607","","左側上顎第１大臼歯現存歯遠心根","20081224","99999999"
"0","F","102608","","左側上顎第１大臼歯現存歯近心根","20081224","99999999"
"0","F","102610","","左側上顎第１大臼歯部（部を示す場合に使用）部分指定なし","","99999999"
"0","F","102620","","左側上顎第１大臼歯欠損歯部分指定なし","","99999999"
"0","F","102621","","左側上顎第１大臼歯欠損歯遠心頬側根","20081224","99999999"
"0","F","102622","","左側上顎第１大臼歯欠損歯近心頬側根","20081224","99999999"
"0","F","102623","","左側上顎第１大臼歯欠損歯近心頬側根および遠心頬側根","20081224","99999999"
"0","F","102624","","左側上顎第１大臼歯欠損歯舌側（口蓋）根","20081224","99999999"
"0","F","102625","","左側上顎第１大臼歯欠損歯舌側（口蓋）根および遠心頬側根","20081224","99999999"
"0","F","102626","","左側上顎第１大臼歯欠損歯舌側（口蓋）根および近心頬側根","20081224","99999999"
"0","F","102627","","左側上顎第１大臼歯欠損歯遠心根","20081224","99999999"
"0","F","102628","","左側上顎第１大臼歯欠損歯近心根","20081224","99999999"
"0","F","102630","","左側上顎第１大臼歯支台歯部分指定なし","","99999999"
"0","F","102631","","左側上顎第１大臼歯支台歯遠心頬側根","20081224","99999999"
"0","F","102632","","左側上顎第１大臼歯支台歯近心頬側根","20081224","99999999"
"0","F","102633","","左側上顎第１大臼歯支台歯近心頬側根および遠心頬側根","20081224","99999999"
"0","F","102634","","左側上顎第１大臼歯支台歯舌側（口蓋）根","20081224","99999999"
"0","F","102635","","左側上顎第１大臼歯支台歯舌側（口蓋）根および遠心頬側根","20081224","99999999"
"0","F","102636","","左側上顎第１大臼歯支台歯舌側（口蓋）根および近心頬側根","20081224","99999999"
"0","F","102637","","左側上顎第１大臼歯支台歯遠心根","20081224","99999999"
"0","F","102638","","左側上顎第１大臼歯支台歯近心根","20081224","99999999"
"0","F","102640","","左側上顎第１大臼歯分割抜歯支台（根）部分指定なし","","99999999"
"0","F","102641","","左側上顎第１大臼歯分割抜歯支台（根）遠心頬側根","","99999999"
"0","F","102642","","左側上顎第１大臼歯分割抜歯支台（根）近心頬側根","","99999999"
"0","F","102643","","左側上顎第１大臼歯分割抜歯支台（根）近心頬側根および遠心頬側根","","99999999"
"0","F","102644","","左側上顎第１大臼歯分割抜歯支台（根）舌側（口蓋）根","","99999999"
"0","F","102645","","左側上顎第１大臼歯分割抜歯支台（根）舌側（口蓋）根および遠心頬側根","","99999999"
"0","F","102646","","左側上顎第１大臼歯分割抜歯支台（根）舌側（口蓋）根および近心頬側根","","99999999"
"0","F","102647","","左側上顎第１大臼歯分割抜歯支台（根）遠心根","20081224","99999999"
"0","F","102648","","左側上顎第１大臼歯分割抜歯支台（根）近心根","20081224","99999999"
"0","F","102650","","左側上顎第１大臼歯便宜抜髄支台歯部分指定なし","","99999999"
"0","F","102660","","左側上顎第１大臼歯残根部分指定なし","","99999999"
"0","F","102661","","左側上顎第１大臼歯残根遠心頬側根","","99999999"
"0","F","102662","","左側上顎第１大臼歯残根近心頬側根","","99999999"
"0","F","102663","","左側上顎第１大臼歯残根近心頬側根および遠心頬側根","","99999999"
"0","F","102664","","左側上顎第１大臼歯残根舌側（口蓋）根","","99999999"
"0","F","102665","","左側上顎第１大臼歯残根舌側（口蓋）根および遠心頬側根","","99999999"
"0","F","102666","","左側上顎第１大臼歯残根舌側（口蓋）根および近心頬側根","","99999999"
"0","F","102667","","左側上顎第１大臼歯残根遠心根","20081224","99999999"
"0","F","102668","","左側上顎第１大臼歯残根近心根","20081224","99999999"
"0","F","102670","","左側上顎第１大臼歯部インプラント部分指定なし","","99999999"
"0","F","102680","","左側上顎第１大臼歯部近心隙部分指定なし","","99999999"
"0","F","102690","","左側上顎第１大臼歯近心位に存在部分指定なし","","99999999"
"0","F","102700","","左側上顎第２大臼歯現存歯部分指定なし","","99999999"
"0","F","102701","","左側上顎第２大臼歯現存歯遠心頬側根","20081224","99999999"
"0","F","102702","","左側上顎第２大臼歯現存歯近心頬側根","20081224","99999999"
"0","F","102703","","左側上顎第２大臼歯現存歯近心頬側根および遠心頬側根","20081224","99999999"
"0","F","102704","","左側上顎第２大臼歯現存歯舌側（口蓋）根","20081224","99999999"
"0","F","102705","","左側上顎第２大臼歯現存歯舌側（口蓋）根および遠心頬側根","20081224","99999999"
"0","F","102706","","左側上顎第２大臼歯現存歯舌側（口蓋）根および近心頬側根","20081224","99999999"
"0","F","102707","","左側上顎第２大臼歯現存歯遠心根","20081224","99999999"
"0","F","102708","","左側上顎第２大臼歯現存歯近心根","20081224","99999999"
"0","F","102710","","左側上顎第２大臼歯部（部を示す場合に使用）部分指定なし","","99999999"
"0","F","102720","","左側上顎第２大臼歯欠損歯部分指定なし","","99999999"
"0","F","102721","","左側上顎第２大臼歯欠損歯遠心頬側根","20081224","99999999"
"0","F","102722","","左側上顎第２大臼歯欠損歯近心頬側根","20081224","99999999"
"0","F","102723","","左側上顎第２大臼歯欠損歯近心頬側根および遠心頬側根","20081224","99999999"
"0","F","102724","","左側上顎第２大臼歯欠損歯舌側（口蓋）根","20081224","99999999"
"0","F","102725","","左側上顎第２大臼歯欠損歯舌側（口蓋）根および遠心頬側根","20081224","99999999"
"0","F","102726","","左側上顎第２大臼歯欠損歯舌側（口蓋）根および近心頬側根","20081224","99999999"
"0","F","102727","","左側上顎第２大臼歯欠損歯遠心根","20081224","99999999"
"0","F","102728","","左側上顎第２大臼歯欠損歯近心根","20081224","99999999"
"0","F","102730","","左側上顎第２大臼歯支台歯部分指定なし","","99999999"
"0","F","102731","","左側上顎第２大臼歯支台歯遠心頬側根","20081224","99999999"
"0","F","102732","","左側上顎第２大臼歯支台歯近心頬側根","20081224","99999999"
"0","F","102733","","左側上顎第２大臼歯支台歯近心頬側根および遠心頬側根","20081224","99999999"
"0","F","102734","","左側上顎第２大臼歯支台歯舌側（口蓋）根","20081224","99999999"
"0","F","102735","","左側上顎第２大臼歯支台歯舌側（口蓋）根および遠心頬側根","20081224","99999999"
"0","F","102736","","左側上顎第２大臼歯支台歯舌側（口蓋）根および近心頬側根","20081224","99999999"
"0","F","102737","","左側上顎第２大臼歯支台歯遠心根","20081224","99999999"
"0","F","102738","","左側上顎第２大臼歯支台歯近心根","20081224","99999999"
"0","F","102740","","左側上顎第２大臼歯分割抜歯支台（根）部分指定なし","","99999999"
"0","F","102741","","左側上顎第２大臼歯分割抜歯支台（根）遠心頬側根","","99999999"
"0","F","102742","","左側上顎第２大臼歯分割抜歯支台（根）近心頬側根","","99999999"
"0","F","102743","","左側上顎第２大臼歯分割抜歯支台（根）近心頬側根および遠心頬側根","","99999999"
"0","F","102744","","左側上顎第２大臼歯分割抜歯支台（根）舌側（口蓋）根","","99999999"
"0","F","102745","","左側上顎第２大臼歯分割抜歯支台（根）舌側（口蓋）根および遠心頬側根","","99999999"
"0","F","102746","","左側上顎第２大臼歯分割抜歯支台（根）舌側（口蓋）根および近心頬側根","","99999999"
"0","F","102747","","左側上顎第２大臼歯分割抜歯支台（根）遠心根","20081224","99999999"
"0","F","102748","","左側上顎第２大臼歯分割抜歯支台（根）近心根","20081224","99999999"
"0","F","102750","","左側上顎第２大臼歯便宜抜髄支台歯部分指定なし","","99999999"
"0","F","102760","","左側上顎第２大臼歯残根部分指定なし","","99999999"
"0","F","102761","","左側上顎第２大臼歯残根遠心頬側根","","99999999"
"0","F","102762","","左側上顎第２大臼歯残根近心頬側根","","99999999"
"0","F","102763","","左側上顎第２大臼歯残根近心頬側根および遠心頬側根","","99999999"
"0","F","102764","","左側上顎第２大臼歯残根舌側（口蓋）根","","99999999"
"0","F","102765","","左側上顎第２大臼歯残根舌側（口蓋）根および遠心頬側根","","99999999"
"0","F","102766","","左側上顎第２大臼歯残根舌側（口蓋）根および近心頬側根","","99999999"
"0","F","102767","","左側上顎第２大臼歯残根遠心根","20081224","99999999"
"0","F","102768","","左側上顎第２大臼歯残根近心根","20081224","99999999"
"0","F","102770","","左側上顎第２大臼歯部インプラント部分指定なし","","99999999"
"0","F","102780","","左側上顎第２大臼歯部近心隙部分指定なし","","99999999"
"0","F","102790","","左側上顎第２大臼歯近心位に存在部分指定なし","","99999999"
"0","F","102800","","左側上顎第３大臼歯現存歯部分指定なし","","99999999"
"0","F","102810","","左側上顎第３大臼歯部（部を示す場合に使用）部分指定なし","","99999999"
"0","F","102820","","左側上顎第３大臼歯欠損歯部分指定なし","","99999999"
"0","F","102830","","左側上顎第３大臼歯支台歯部分指定なし","","99999999"
"0","F","102850","","左側上顎第３大臼歯便宜抜髄支台歯部分指定なし","","99999999"
"0","F","102860","","左側上顎第３大臼歯残根部分指定なし","","99999999"
"0","F","102870","","左側上顎第３大臼歯部インプラント部分指定なし","","99999999"
"0","F","102880","","左側上顎第３大臼歯部近心隙部分指定なし","","99999999"
"0","F","102890","","左側上顎第３大臼歯近心位に存在部分指定なし","","99999999"
"0","F","103100","","左側下顎中切歯現存歯部分指定なし","","99999999"
"0","F","103110","","左側下顎中切歯部（部を示す場合に使用）部分指定なし","","99999999"
"0","F","103120","","左側下顎中切歯欠損歯部分指定なし","","99999999"
"0","F","103130","","左側下顎中切歯支台歯部分指定なし","","99999999"
"0","F","103150","","左側下顎中切歯便宜抜髄支台歯部分指定なし","","99999999"
"0","F","103160","","左側下顎中切歯残根部分指定なし","","99999999"
"0","F","103170","","左側下顎中切歯部インプラント部分指定なし","","99999999"
"0","F","103190","","左側下顎中切歯近心位に存在部分指定なし","","99999999"
"0","F","103200","","左側下顎側切歯現存歯部分指定なし","","99999999"
"0","F","103210","","左側下顎側切歯部（部を示す場合に使用）部分指定なし","","99999999"
"0","F","103220","","左側下顎側切歯欠損歯部分指定なし","","99999999"
"0","F","103230","","左側下顎側切歯支台歯部分指定なし","","99999999"
"0","F","103250","","左側下顎側切歯便宜抜髄支台歯部分指定なし","","99999999"
"0","F","103260","","左側下顎側切歯残根部分指定なし","","99999999"
"0","F","103270","","左側下顎側切歯部インプラント部分指定なし","","99999999"
"0","F","103280","","左側下顎側切歯部近心隙部分指定なし","","99999999"
"0","F","103290","","左側下顎側切歯近心位に存在部分指定なし","","99999999"
"0","F","103300","","左側下顎犬歯現存歯部分指定なし","","99999999"
"0","F","103310","","左側下顎犬歯部（部を示す場合に使用）部分指定なし","","99999999"
"0","F","103320","","左側下顎犬歯欠損歯部分指定なし","","99999999"
"0","F","103330","","左側下顎犬歯支台歯部分指定なし","","99999999"
"0","F","103350","","左側下顎犬歯便宜抜髄支台歯部分指定なし","","99999999"
"0","F","103360","","左側下顎犬歯残根部分指定なし","","99999999"
"0","F","103370","","左側下顎犬歯部インプラント部分指定なし","","99999999"
"0","F","103380","","左側下顎犬歯部近心隙部分指定なし","","99999999"
"0","F","103390","","左側下顎犬歯近心位に存在部分指定なし","","99999999"
"0","F","103400","","左側下顎第１小臼歯現存歯部分指定なし","","99999999"
"0","F","103410","","左側下顎第１小臼歯部（部を示す場合に使用）部分指定なし","","99999999"
"0","F","103420","","左側下顎第１小臼歯欠損歯部分指定なし","","99999999"
"0","F","103430","","左側下顎第１小臼歯支台歯部分指定なし","","99999999"
"0","F","103450","","左側下顎第１小臼歯便宜抜髄支台歯部分指定なし","","99999999"
"0","F","103460","","左側下顎第１小臼歯残根部分指定なし","","99999999"
"0","F","103470","","左側下顎第１小臼歯部インプラント部分指定なし","","99999999"
"0","F","103480","","左側下顎第１小臼歯部近心隙部分指定なし","","99999999"
"0","F","103490","","左側下顎第１小臼歯近心位に存在部分指定なし","","99999999"
"0","F","103500","","左側下顎第２小臼歯現存歯部分指定なし","","99999999"
"0","F","103510","","左側下顎第２小臼歯部（部を示す場合に使用）部分指定なし","","99999999"
"0","F","103520","","左側下顎第２小臼歯欠損歯部分指定なし","","99999999"
"0","F","103530","","左側下顎第２小臼歯支台歯部分指定なし","","99999999"
"0","F","103550","","左側下顎第２小臼歯便宜抜髄支台歯部分指定なし","","99999999"
"0","F","103560","","左側下顎第２小臼歯残根部分指定なし","","99999999"
"0","F","103570","","左側下顎第２小臼歯部インプラント部分指定なし","","99999999"
"0","F","103580","","左側下顎第２小臼歯部近心隙部分指定なし","","99999999"
"0","F","103590","","左側下顎第２小臼歯近心位に存在部分指定なし","","99999999"
"0","F","103600","","左側下顎第１大臼歯現存歯部分指定なし","","99999999"
"0","F","103607","","左側下顎第１大臼歯現存歯遠心根","20081224","99999999"
"0","F","103608","","左側下顎第１大臼歯現存歯近心根","20081224","99999999"
"0","F","103610","","左側下顎第１大臼歯部（部を示す場合に使用）部分指定なし","","99999999"
"0","F","103620","","左側下顎第１大臼歯欠損歯部分指定なし","","99999999"
"0","F","103627","","左側下顎第１大臼歯欠損歯遠心根","20081224","99999999"
"0","F","103628","","左側下顎第１大臼歯欠損歯近心根","20081224","99999999"
"0","F","103630","","左側下顎第１大臼歯支台歯部分指定なし","","99999999"
"0","F","103637","","左側下顎第１大臼歯支台歯遠心根","20081224","99999999"
"0","F","103638","","左側下顎第１大臼歯支台歯近心根","20081224","99999999"
"0","F","103640","","左側下顎第１大臼歯分割抜歯支台（根）部分指定なし","","99999999"
"0","F","103647","","左側下顎第１大臼歯分割抜歯支台（根）遠心根","","99999999"
"0","F","103648","","左側下顎第１大臼歯分割抜歯支台（根）近心根","","99999999"
"0","F","103650","","左側下顎第１大臼歯便宜抜髄支台歯部分指定なし","","99999999"
"0","F","103660","","左側下顎第１大臼歯残根部分指定なし","","99999999"
"0","F","103667","","左側下顎第１大臼歯残根遠心根","","99999999"
"0","F","103668","","左側下顎第１大臼歯残根近心根","","99999999"
"0","F","103670","","左側下顎第１大臼歯部インプラント部分指定なし","","99999999"
"0","F","103680","","左側下顎第１大臼歯部近心隙部分指定なし","","99999999"
"0","F","103690","","左側下顎第１大臼歯近心位に存在部分指定なし","","99999999"
"0","F","103700","","左側下顎第２大臼歯現存歯部分指定なし","","99999999"
"0","F","103707","","左側下顎第２大臼歯現存歯遠心根","20081224","99999999"
"0","F","103708","","左側下顎第２大臼歯現存歯近心根","20081224","99999999"
"0","F","103710","","左側下顎第２大臼歯部（部を示す場合に使用）部分指定なし","","99999999"
"0","F","103720","","左側下顎第２大臼歯欠損歯部分指定なし","","99999999"
"0","F","103727","","左側下顎第２大臼歯欠損歯遠心根","20081224","99999999"
"0","F","103728","","左側下顎第２大臼歯欠損歯近心根","20081224","99999999"
"0","F","103730","","左側下顎第２大臼歯支台歯部分指定なし","","99999999"
"0","F","103737","","左側下顎第２大臼歯支台歯遠心根","20081224","99999999"
"0","F","103738","","左側下顎第２大臼歯支台歯近心根","20081224","99999999"
"0","F","103740","","左側下顎第２大臼歯分割抜歯支台（根）部分指定なし","","99999999"
"0","F","103747","","左側下顎第２大臼歯分割抜歯支台（根）遠心根","","99999999"
"0","F","103748","","左側下顎第２大臼歯分割抜歯支台（根）近心根","","99999999"
"0","F","103750","","左側下顎第２大臼歯便宜抜髄支台歯部分指定なし","","99999999"
"0","F","103760","","左側下顎第２大臼歯残根部分指定なし","","99999999"
"0","F","103767","","左側下顎第２大臼歯残根遠心根","","99999999"
"0","F","103768","","左側下顎第２大臼歯残根近心根","","99999999"
"0","F","103770","","左側下顎第２大臼歯部インプラント部分指定なし","","99999999"
"0","F","103780","","左側下顎第２大臼歯部近心隙部分指定なし","","99999999"
"0","F","103790","","左側下顎第２大臼歯近心位に存在部分指定なし","","99999999"
"0","F","103800","","左側下顎第３大臼歯現存歯部分指定なし","","99999999"
"0","F","103810","","左側下顎第３大臼歯部（部を示す場合に使用）部分指定なし","","99999999"
"0","F","103820","","左側下顎第３大臼歯欠損歯部分指定なし","","99999999"
"0","F","103830","","左側下顎第３大臼歯支台歯部分指定なし","","99999999"
"0","F","103850","","左側下顎第３大臼歯便宜抜髄支台歯部分指定なし","","99999999"
"0","F","103860","","左側下顎第３大臼歯残根部分指定なし","","99999999"
"0","F","103867","","左側下顎第３大臼歯残根遠心根","","99999999"
"0","F","103868","","左側下顎第３大臼歯残根近心根","","99999999"
"0","F","103870","","左側下顎第３大臼歯部インプラント部分指定なし","","99999999"
"0","F","103880","","左側下顎第３大臼歯部近心隙部分指定なし","","99999999"
"0","F","103890","","左側下顎第３大臼歯近心位に存在部分指定なし","","99999999"
"0","F","104100","","右側下顎中切歯現存歯部分指定なし","","99999999"
"0","F","104110","","右側下顎中切歯部（部を示す場合に使用）部分指定なし","","99999999"
"0","F","104120","","右側下顎中切歯欠損歯部分指定なし","","99999999"
"0","F","104130","","右側下顎中切歯支台歯部分指定なし","","99999999"
"0","F","104150","","右側下顎中切歯便宜抜髄支台歯部分指定なし","","99999999"
"0","F","104160","","右側下顎中切歯残根部分指定なし","","99999999"
"0","F","104170","","右側下顎中切歯部インプラント部分指定なし","","99999999"
"0","F","104180","","右側下顎中切歯部近心隙部分指定なし","","99999999"
"0","F","104190","","右側下顎中切歯近心位に存在部分指定なし","","99999999"
"0","F","104200","","右側下顎側切歯現存歯部分指定なし","","99999999"
"0","F","104210","","右側下顎側切歯部（部を示す場合に使用）部分指定なし","","99999999"
"0","F","104220","","右側下顎側切歯欠損歯部分指定なし","","99999999"
"0","F","104230","","右側下顎側切歯支台歯部分指定なし","","99999999"
"0","F","104250","","右側下顎側切歯便宜抜髄支台歯部分指定なし","","99999999"
"0","F","104260","","右側下顎側切歯残根部分指定なし","","99999999"
"0","F","104270","","右側下顎側切歯部インプラント部分指定なし","","99999999"
"0","F","104280","","右側下顎側切歯部近心隙部分指定なし","","99999999"
"0","F","104290","","右側下顎側切歯近心位に存在部分指定なし","","99999999"
"0","F","104300","","右側下顎犬歯現存歯部分指定なし","","99999999"
"0","F","104310","","右側下顎犬歯部（部を示す場合に使用）部分指定なし","","99999999"
"0","F","104320","","右側下顎犬歯欠損歯部分指定なし","","99999999"
"0","F","104330","","右側下顎犬歯支台歯部分指定なし","","99999999"
"0","F","104350","","右側下顎犬歯便宜抜髄支台歯部分指定なし","","99999999"
"0","F","104360","","右側下顎犬歯残根部分指定なし","","99999999"
"0","F","104370","","右側下顎犬歯部インプラント部分指定なし","","99999999"
"0","F","104380","","右側下顎犬歯部近心隙部分指定なし","","99999999"
"0","F","104390","","右側下顎犬歯近心位に存在部分指定なし","","99999999"
"0","F","104400","","右側下顎第１小臼歯現存歯部分指定なし","","99999999"
"0","F","104410","","右側下顎第１小臼歯部（部を示す場合に使用）部分指定なし","","99999999"
"0","F","104420","","右側下顎第１小臼歯欠損歯部分指定なし","","99999999"
"0","F","104430","","右側下顎第１小臼歯支台歯部分指定なし","","99999999"
"0","F","104450","","右側下顎第１小臼歯便宜抜髄支台歯部分指定なし","","99999999"
"0","F","104460","","右側下顎第１小臼歯残根部分指定なし","","99999999"
"0","F","104470","","右側下顎第１小臼歯部インプラント部分指定なし","","99999999"
"0","F","104480","","右側下顎第１小臼歯部近心隙部分指定なし","","99999999"
"0","F","104490","","右側下顎第１小臼歯近心位に存在部分指定なし","","99999999"
"0","F","104500","","右側下顎第２小臼歯現存歯部分指定なし","","99999999"
"0","F","104510","","右側下顎第２小臼歯部（部を示す場合に使用）部分指定なし","","99999999"
"0","F","104520","","右側下顎第２小臼歯欠損歯部分指定なし","","99999999"
"0","F","104530","","右側下顎第２小臼歯支台歯部分指定なし","","99999999"
"0","F","104550","","右側下顎第２小臼歯便宜抜髄支台歯部分指定なし","","99999999"
"0","F","104560","","右側下顎第２小臼歯残根部分指定なし","","99999999"
"0","F","104570","","右側下顎第２小臼歯部インプラント部分指定なし","","99999999"
"0","F","104580","","右側下顎第２小臼歯部近心隙部分指定なし","","99999999"
"0","F","104590","","右側下顎第２小臼歯近心位に存在部分指定なし","","99999999"
"0","F","104600","","右側下顎第１大臼歯現存歯部分指定なし","","99999999"
"0","F","104607","","右側下顎第１大臼歯現存歯遠心根","20081224","99999999"
"0","F","104608","","右側下顎第１大臼歯現存歯近心根","20081224","99999999"
"0","F","104610","","右側下顎第１大臼歯部（部を示す場合に使用）部分指定なし","","99999999"
"0","F","104620","","右側下顎第１大臼歯欠損歯部分指定なし","","99999999"
"0","F","104627","","右側下顎第１大臼歯欠損歯遠心根","20081224","99999999"
"0","F","104628","","右側下顎第１大臼歯欠損歯近心根","20081224","99999999"
"0","F","104630","","右側下顎第１大臼歯支台歯部分指定なし","","99999999"
"0","F","104637","","右側下顎第１大臼歯支台歯遠心根","20081224","99999999"
"0","F","104638","","右側下顎第１大臼歯支台歯近心根","20081224","99999999"
"0","F","104640","","右側下顎第１大臼歯分割抜歯支台（根）部分指定なし","","99999999"
"0","F","104647","","右側下顎第１大臼歯分割抜歯支台（根）遠心根","","99999999"
"0","F","104648","","右側下顎第１大臼歯分割抜歯支台（根）近心根","","99999999"
"0","F","104650","","右側下顎第１大臼歯便宜抜髄支台歯部分指定なし","","99999999"
"0","F","104660","","右側下顎第１大臼歯残根部分指定なし","","99999999"
"0","F","104667","","右側下顎第１大臼歯残根遠心根","","99999999"
"0","F","104668","","右側下顎第１大臼歯残根近心根","","99999999"
"0","F","104670","","右側下顎第１大臼歯部インプラント部分指定なし","","99999999"
"0","F","104680","","右側下顎第１大臼歯部近心隙部分指定なし","","99999999"
"0","F","104690","","右側下顎第１大臼歯近心位に存在部分指定なし","","99999999"
"0","F","104700","","右側下顎第２大臼歯現存歯部分指定なし","","99999999"
"0","F","104707","","右側下顎第２大臼歯現存歯遠心根","20081224","99999999"
"0","F","104708","","右側下顎第２大臼歯現存歯近心根","20081224","99999999"
"0","F","104710","","右側下顎第２大臼歯部（部を示す場合に使用）部分指定なし","","99999999"
"0","F","104720","","右側下顎第２大臼歯欠損歯部分指定なし","","99999999"
"0","F","104727","","右側下顎第２大臼歯欠損歯遠心根","20081224","99999999"
"0","F","104728","","右側下顎第２大臼歯欠損歯近心根","20081224","99999999"
"0","F","104730","","右側下顎第２大臼歯支台歯部分指定なし","","99999999"
"0","F","104737","","右側下顎第２大臼歯支台歯遠心根","20081224","99999999"
"0","F","104738","","右側下顎第２大臼歯支台歯近心根","20081224","99999999"
"0","F","104740","","右側下顎第２大臼歯分割抜歯支台（根）部分指定なし","","99999999"
"0","F","104747","","右側下顎第２大臼歯分割抜歯支台（根）遠心根","","99999999"
"0","F","104748","","右側下顎第２大臼歯分割抜歯支台（根）近心根","","99999999"
"0","F","104750","","右側下顎第２大臼歯便宜抜髄支台歯部分指定なし","","99999999"
"0","F","104760","","右側下顎第２大臼歯残根部分指定なし","","99999999"
"0","F","104767","","右側下顎第２大臼歯残根遠心根","","99999999"
"0","F","104768","","右側下顎第２大臼歯残根近心根","","99999999"
"0","F","104770","","右側下顎第２大臼歯部インプラント部分指定なし","","99999999"
"0","F","104780","","右側下顎第２大臼歯部近心隙部分指定なし","","99999999"
"0","F","104790","","右側下顎第２大臼歯近心位に存在部分指定なし","","99999999"
"0","F","104800","","右側下顎第３大臼歯現存歯部分指定なし","","99999999"
"0","F","104810","","右側下顎第３大臼歯部（部を示す場合に使用）部分指定なし","","99999999"
"0","F","104820","","右側下顎第３大臼歯欠損歯部分指定なし","","99999999"
"0","F","104830","","右側下顎第３大臼歯支台歯部分指定なし","","99999999"
"0","F","104850","","右側下顎第３大臼歯便宜抜髄支台歯部分指定なし","","99999999"
"0","F","104860","","右側下顎第３大臼歯残根部分指定なし","","99999999"
"0","F","104867","","右側下顎第３大臼歯残根遠心根","","99999999"
"0","F","104868","","右側下顎第３大臼歯残根近心根","","99999999"
"0","F","104870","","右側下顎第３大臼歯部インプラント部分指定なし","","99999999"
"0","F","104880","","右側下顎第３大臼歯部近心隙部分指定なし","","99999999"
"0","F","104890","","右側下顎第３大臼歯近心位に存在部分指定なし","","99999999"
"0","F","105100","","右側上顎乳中切歯現存歯部分指定なし","","99999999"
"0","F","105110","","右側上顎乳中切歯部（部を示す場合に使用）部分指定なし","","99999999"
"3","F","105120","","右側上顎乳中切歯欠損歯部分指定なし","20111003","99999999"
"0","F","105130","","右側上顎乳中切歯支台歯部分指定なし","","99999999"
"0","F","105150","","右側上顎乳中切歯便宜抜髄支台歯部分指定なし","","99999999"
"0","F","105160","","右側上顎乳中切歯残根部分指定なし","","99999999"
"0","F","105180","","右側上顎乳中切歯部近心隙部分指定なし","","99999999"
"0","F","105190","","右側上顎乳中切歯近心位に存在部分指定なし","","99999999"
"0","F","105200","","右側上顎乳側切歯現存歯部分指定なし","","99999999"
"0","F","105210","","右側上顎乳側切歯部（部を示す場合に使用）部分指定なし","","99999999"
"3","F","105220","","右側上顎乳側切歯欠損歯部分指定なし","20111003","99999999"
"0","F","105230","","右側上顎乳側切歯支台歯部分指定なし","","99999999"
"0","F","105250","","右側上顎乳側切歯便宜抜髄支台歯部分指定なし","","99999999"
"0","F","105260","","右側上顎乳側切歯残根部分指定なし","","99999999"
"0","F","105280","","右側上顎乳側切歯部近心隙部分指定なし","","99999999"
"0","F","105290","","右側上顎乳側切歯近心位に存在部分指定なし","","99999999"
"0","F","105300","","右側上顎乳犬歯現存歯部分指定なし","","99999999"
"0","F","105310","","右側上顎乳犬歯部（部を示す場合に使用）部分指定なし","","99999999"
"3","F","105320","","右側上顎乳犬歯欠損歯部分指定なし","20111003","99999999"
"0","F","105330","","右側上顎乳犬歯支台歯部分指定なし","","99999999"
"0","F","105350","","右側上顎乳犬歯便宜抜髄支台歯部分指定なし","","99999999"
"0","F","105360","","右側上顎乳犬歯残根部分指定なし","","99999999"
"0","F","105380","","右側上顎乳犬歯部近心隙部分指定なし","","99999999"
"0","F","105390","","右側上顎乳犬歯近心位に存在部分指定なし","","99999999"
"0","F","105400","","右側上顎第１乳臼歯現存歯部分指定なし","","99999999"
"0","F","105410","","右側上顎第１乳臼歯部（部を示す場合に使用）部分指定なし","","99999999"
"3","F","105420","","右側上顎第１乳臼歯欠損歯部分指定なし","20111003","99999999"
"0","F","105430","","右側上顎第１乳臼歯支台歯部分指定なし","","99999999"
"0","F","105450","","右側上顎第１乳臼歯便宜抜髄支台歯部分指定なし","","99999999"
"0","F","105460","","右側上顎第１乳臼歯残根部分指定なし","","99999999"
"0","F","105461","","右側上顎第１乳臼歯残根遠心頬側根","","99999999"
"0","F","105462","","右側上顎第１乳臼歯残根近心頬側根","","99999999"
"0","F","105463","","右側上顎第１乳臼歯残根近心頬側根および遠心頬側根","","99999999"
"0","F","105464","","右側上顎第１乳臼歯残根舌側（口蓋）根","","99999999"
"0","F","105465","","右側上顎第１乳臼歯残根舌側（口蓋）根および遠心頬側根","","99999999"
"0","F","105466","","右側上顎第１乳臼歯残根舌側（口蓋）根および近心頬側根","","99999999"
"0","F","105480","","右側上顎第１乳臼歯部近心隙部分指定なし","","99999999"
"0","F","105490","","右側上顎第１乳臼歯近心位に存在部分指定なし","","99999999"
"0","F","105500","","右側上顎第２乳臼歯現存歯部分指定なし","","99999999"
"0","F","105510","","右側上顎第２乳臼歯部（部を示す場合に使用）部分指定なし","","99999999"
"3","F","105520","","右側上顎第２乳臼歯欠損歯部分指定なし","20111003","99999999"
"0","F","105530","","右側上顎第２乳臼歯支台歯部分指定なし","","99999999"
"0","F","105550","","右側上顎第２乳臼歯便宜抜髄支台歯部分指定なし","","99999999"
"0","F","105560","","右側上顎第２乳臼歯残根部分指定なし","","99999999"
"0","F","105561","","右側上顎第２乳臼歯残根遠心頬側根","","99999999"
"0","F","105562","","右側上顎第２乳臼歯残根近心頬側根","","99999999"
"0","F","105563","","右側上顎第２乳臼歯残根近心頬側根および遠心頬側根","","99999999"
"0","F","105564","","右側上顎第２乳臼歯残根舌側（口蓋）根","","99999999"
"0","F","105565","","右側上顎第２乳臼歯残根舌側（口蓋）根および遠心頬側根","","99999999"
"0","F","105566","","右側上顎第２乳臼歯残根舌側（口蓋）根および近心頬側根","","99999999"
"0","F","105580","","右側上顎第２乳臼歯部近心隙部分指定なし","","99999999"
"0","F","105590","","右側上顎第２乳臼歯近心位に存在部分指定なし","","99999999"
"0","F","106100","","左側上顎乳中切歯現存歯部分指定なし","","99999999"
"0","F","106110","","左側上顎乳中切歯部（部を示す場合に使用）部分指定なし","","99999999"
"3","F","106120","","左側上顎乳中切歯欠損歯部分指定なし","20111003","99999999"
"0","F","106130","","左側上顎乳中切歯支台歯部分指定なし","","99999999"
"0","F","106150","","左側上顎乳中切歯便宜抜髄支台歯部分指定なし","","99999999"
"0","F","106160","","左側上顎乳中切歯残根部分指定なし","","99999999"
"0","F","106190","","左側上顎乳中切歯近心位に存在部分指定なし","","99999999"
"0","F","106200","","左側上顎乳側切歯現存歯部分指定なし","","99999999"
"0","F","106210","","左側上顎乳側切歯部（部を示す場合に使用）部分指定なし","","99999999"
"3","F","106220","","左側上顎乳側切歯欠損歯部分指定なし","20111003","99999999"
"0","F","106230","","左側上顎乳側切歯支台歯部分指定なし","","99999999"
"0","F","106250","","左側上顎乳側切歯便宜抜髄支台歯部分指定なし","","99999999"
"0","F","106260","","左側上顎乳側切歯残根部分指定なし","","99999999"
"0","F","106280","","左側上顎乳側切歯部近心隙部分指定なし","","99999999"
"0","F","106290","","左側上顎乳側切歯近心位に存在部分指定なし","","99999999"
"0","F","106300","","左側上顎乳犬歯現存歯部分指定なし","","99999999"
"0","F","106310","","左側上顎乳犬歯部（部を示す場合に使用）部分指定なし","","99999999"
"3","F","106320","","左側上顎乳犬歯欠損歯部分指定なし","20111003","99999999"
"0","F","106330","","左側上顎乳犬歯支台歯部分指定なし","","99999999"
"0","F","106350","","左側上顎乳犬歯便宜抜髄支台歯部分指定なし","","99999999"
"0","F","106360","","左側上顎乳犬歯残根部分指定なし","","99999999"
"0","F","106380","","左側上顎乳犬歯部近心隙部分指定なし","","99999999"
"0","F","106390","","左側上顎乳犬歯近心位に存在部分指定なし","","99999999"
"0","F","106400","","左側上顎第１乳臼歯現存歯部分指定なし","","99999999"
"0","F","106410","","左側上顎第１乳臼歯部（部を示す場合に使用）部分指定なし","","99999999"
"3","F","106420","","左側上顎第１乳臼歯欠損歯部分指定なし","20111003","99999999"
"0","F","106430","","左側上顎第１乳臼歯支台歯部分指定なし","","99999999"
"0","F","106450","","左側上顎第１乳臼歯便宜抜髄支台歯部分指定なし","","99999999"
"0","F","106460","","左側上顎第１乳臼歯残根部分指定なし","","99999999"
"0","F","106461","","左側上顎第１乳臼歯残根遠心頬側根","","99999999"
"0","F","106462","","左側上顎第１乳臼歯残根近心頬側根","","99999999"
"0","F","106463","","左側上顎第１乳臼歯残根近心頬側根および遠心頬側根","","99999999"
"0","F","106464","","左側上顎第１乳臼歯残根舌側（口蓋）根","","99999999"
"0","F","106465","","左側上顎第１乳臼歯残根舌側（口蓋）根および遠心頬側根","","99999999"
"0","F","106466","","左側上顎第１乳臼歯残根舌側（口蓋）根および近心頬側根","","99999999"
"0","F","106480","","左側上顎第１乳臼歯部近心隙部分指定なし","","99999999"
"0","F","106490","","左側上顎第１乳臼歯近心位に存在部分指定なし","","99999999"
"0","F","106500","","左側上顎第２乳臼歯現存歯部分指定なし","","99999999"
"0","F","106510","","左側上顎第２乳臼歯部（部を示す場合に使用）部分指定なし","","99999999"
"3","F","106520","","左側上顎第２乳臼歯欠損歯部分指定なし","20111003","99999999"
"0","F","106530","","左側上顎第２乳臼歯支台歯部分指定なし","","99999999"
"0","F","106550","","左側上顎第２乳臼歯便宜抜髄支台歯部分指定なし","","99999999"
"0","F","106560","","左側上顎第２乳臼歯残根部分指定なし","","99999999"
"0","F","106561","","左側上顎第２乳臼歯残根遠心頬側根","","99999999"
"0","F","106562","","左側上顎第２乳臼歯残根近心頬側根","","99999999"
"0","F","106563","","左側上顎第２乳臼歯残根近心頬側根および遠心頬側根","","99999999"
"0","F","106564","","左側上顎第２乳臼歯残根舌側（口蓋）根","","99999999"
"0","F","106565","","左側上顎第２乳臼歯残根舌側（口蓋）根および遠心頬側根","","99999999"
"0","F","106566","","左側上顎第２乳臼歯残根舌側（口蓋）根および近心頬側根","","99999999"
"0","F","106580","","左側上顎第２乳臼歯部近心隙部分指定なし","","99999999"
"0","F","106590","","左側上顎第２乳臼歯近心位に存在部分指定なし","","99999999"
"0","F","107100","","左側下顎乳中切歯現存歯部分指定なし","","99999999"
"0","F","107110","","左側下顎乳中切歯部（部を示す場合に使用）部分指定なし","","99999999"
"3","F","107120","","左側下顎乳中切歯欠損歯部分指定なし","20111003","99999999"
"0","F","107130","","左側下顎乳中切歯支台歯部分指定なし","","99999999"
"0","F","107150","","左側下顎乳中切歯便宜抜髄支台歯部分指定なし","","99999999"
"0","F","107160","","左側下顎乳中切歯残根部分指定なし","","99999999"
"0","F","107190","","左側下顎乳中切歯近心位に存在部分指定なし","","99999999"
"0","F","107200","","左側下顎乳側切歯現存歯部分指定なし","","99999999"
"0","F","107210","","左側下顎乳側切歯部（部を示す場合に使用）部分指定なし","","99999999"
"3","F","107220","","左側下顎乳側切歯欠損歯部分指定なし","20111003","99999999"
"0","F","107230","","左側下顎乳側切歯支台歯部分指定なし","","99999999"
"0","F","107250","","左側下顎乳側切歯便宜抜髄支台歯部分指定なし","","99999999"
"0","F","107260","","左側下顎乳側切歯残根部分指定なし","","99999999"
"0","F","107280","","左側下顎乳側切歯部近心隙部分指定なし","","99999999"
"0","F","107290","","左側下顎乳側切歯近心位に存在部分指定なし","","99999999"
"0","F","107300","","左側下顎乳犬歯現存歯部分指定なし","","99999999"
"0","F","107310","","左側下顎乳犬歯部（部を示す場合に使用）部分指定なし","","99999999"
"3","F","107320","","左側下顎乳犬歯欠損歯部分指定なし","20111003","99999999"
"0","F","107330","","左側下顎乳犬歯支台歯部分指定なし","","99999999"
"0","F","107350","","左側下顎乳犬歯便宜抜髄支台歯部分指定なし","","99999999"
"0","F","107360","","左側下顎乳犬歯残根部分指定なし","","99999999"
"0","F","107380","","左側下顎乳犬歯部近心隙部分指定なし","","99999999"
"0","F","107390","","左側下顎乳犬歯近心位に存在部分指定なし","","99999999"
"0","F","107400","","左側下顎第１乳臼歯現存歯部分指定なし","","99999999"
"0","F","107410","","左側下顎第１乳臼歯部（部を示す場合に使用）部分指定なし","","99999999"
"3","F","107420","","左側下顎第１乳臼歯欠損歯部分指定なし","20111003","99999999"
"0","F","107430","","左側下顎第１乳臼歯支台歯部分指定なし","","99999999"
"0","F","107450","","左側下顎第１乳臼歯便宜抜髄支台歯部分指定なし","","99999999"
"0","F","107460","","左側下顎第１乳臼歯残根部分指定なし","","99999999"
"0","F","107467","","左側下顎第１乳臼歯残根遠心根","","99999999"
"0","F","107468","","左側下顎第１乳臼歯残根近心根","","99999999"
"0","F","107480","","左側下顎第１乳臼歯部近心隙部分指定なし","","99999999"
"0","F","107490","","左側下顎第１乳臼歯近心位に存在部分指定なし","","99999999"
"0","F","107500","","左側下顎第２乳臼歯現存歯部分指定なし","","99999999"
"0","F","107510","","左側下顎第２乳臼歯部（部を示す場合に使用）部分指定なし","","99999999"
"3","F","107520","","左側下顎第２乳臼歯欠損歯部分指定なし","20111003","99999999"
"0","F","107530","","左側下顎第２乳臼歯支台歯部分指定なし","","99999999"
"0","F","107550","","左側下顎第２乳臼歯便宜抜髄支台歯部分指定なし","","99999999"
"0","F","107560","","左側下顎第２乳臼歯残根部分指定なし","","99999999"
"0","F","107567","","左側下顎第２乳臼歯残根遠心根","","99999999"
"0","F","107568","","左側下顎第２乳臼歯残根近心根","","99999999"
"0","F","107580","","左側下顎第２乳臼歯部近心隙部分指定なし","","99999999"
"0","F","107590","","左側下顎第２乳臼歯近心位に存在部分指定なし","","99999999"
"0","F","108100","","右側下顎乳中切歯現存歯部分指定なし","","99999999"
"0","F","108110","","右側下顎乳中切歯部（部を示す場合に使用）部分指定なし","","99999999"
"3","F","108120","","右側下顎乳中切歯欠損歯部分指定なし","20111003","99999999"
"0","F","108130","","右側下顎乳中切歯支台歯部分指定なし","","99999999"
"0","F","108150","","右側下顎乳中切歯便宜抜髄支台歯部分指定なし","","99999999"
"0","F","108160","","右側下顎乳中切歯残根部分指定なし","","99999999"
"0","F","108180","","右側下顎乳中切歯部近心隙部分指定なし","","99999999"
"0","F","108190","","右側下顎乳中切歯近心位に存在部分指定なし","","99999999"
"0","F","108200","","右側下顎乳側切歯現存歯部分指定なし","","99999999"
"0","F","108210","","右側下顎乳側切歯部（部を示す場合に使用）部分指定なし","","99999999"
"3","F","108220","","右側下顎乳側切歯欠損歯部分指定なし","20111003","99999999"
"0","F","108230","","右側下顎乳側切歯支台歯部分指定なし","","99999999"
"0","F","108250","","右側下顎乳側切歯便宜抜髄支台歯部分指定なし","","99999999"
"0","F","108260","","右側下顎乳側切歯残根部分指定なし","","99999999"
"0","F","108280","","右側下顎乳側切歯部近心隙部分指定なし","","99999999"
"0","F","108290","","右側下顎乳側切歯近心位に存在部分指定なし","","99999999"
"0","F","108300","","右側下顎乳犬歯現存歯部分指定なし","","99999999"
"0","F","108310","","右側下顎乳犬歯部（部を示す場合に使用）部分指定なし","","99999999"
"3","F","108320","","右側下顎乳犬歯欠損歯部分指定なし","20111003","99999999"
"0","F","108330","","右側下顎乳犬歯支台歯部分指定なし","","99999999"
"0","F","108350","","右側下顎乳犬歯便宜抜髄支台歯部分指定なし","","99999999"
"0","F","108360","","右側下顎乳犬歯残根部分指定なし","","99999999"
"0","F","108380","","右側下顎乳犬歯部近心隙部分指定なし","","99999999"
"0","F","108390","","右側下顎乳犬歯近心位に存在部分指定なし","","99999999"
"0","F","108400","","右側下顎第１乳臼歯現存歯部分指定なし","","99999999"
"0","F","108410","","右側下顎第１乳臼歯部（部を示す場合に使用）部分指定なし","","99999999"
"3","F","108420","","右側下顎第１乳臼歯欠損歯部分指定なし","20111003","99999999"
"0","F","108430","","右側下顎第１乳臼歯支台歯部分指定なし","","99999999"
"0","F","108450","","右側下顎第１乳臼歯便宜抜髄支台歯部分指定なし","","99999999"
"0","F","108460","","右側下顎第１乳臼歯残根部分指定なし","","99999999"
"0","F","108467","","右側下顎第１乳臼歯残根遠心根","","99999999"
"0","F","108468","","右側下顎第１乳臼歯残根近心根","","99999999"
"0","F","108480","","右側下顎第１乳臼歯部近心隙部分指定なし","","99999999"
"0","F","108490","","右側下顎第１乳臼歯近心位に存在部分指定なし","","99999999"
"0","F","108500","","右側下顎第２乳臼歯現存歯部分指定なし","","99999999"
"0","F","108510","","右側下顎第２乳臼歯部（部を示す場合に使用）部分指定なし","","99999999"
"3","F","108520","","右側下顎第２乳臼歯欠損歯部分指定なし","20111003","99999999"
"0","F","108530","","右側下顎第２乳臼歯支台歯部分指定なし","","99999999"
"0","F","108550","","右側下顎第２乳臼歯便宜抜髄支台歯部分指定なし","","99999999"
"0","F","108560","","右側下顎第２乳臼歯残根部分指定なし","","99999999"
"0","F","108567","","右側下顎第２乳臼歯残根遠心根","","99999999"
"0","F","108568","","右側下顎第２乳臼歯残根近心根","","99999999"
"0","F","108580","","右側下顎第２乳臼歯部近心隙部分指定なし","","99999999"
"0","F","108590","","右側下顎第２乳臼歯近心位に存在部分指定なし","","99999999"
"0","F","101A00","","右側上顎中切歯近傍過剰歯現存歯部分指定なし","","99999999"
"0","F","101A10","","右側上顎中切歯近傍過剰歯部（部を示す場合に使用）部分指定なし","","99999999"
"0","F","101A30","","右側上顎中切歯近傍過剰歯支台歯部分指定なし","","99999999"
"0","F","101A90","","右側上顎中切歯近傍過剰歯近心位に存在部分指定なし","","99999999"
"0","F","101B00","","右側上顎側切歯近傍過剰歯現存歯部分指定なし","","99999999"
"0","F","101B10","","右側上顎側切歯近傍過剰歯部（部を示す場合に使用）部分指定なし","","99999999"
"0","F","101B30","","右側上顎側切歯近傍過剰歯支台歯部分指定なし","","99999999"
"0","F","101B90","","右側上顎側切歯近傍過剰歯近心位に存在部分指定なし","","99999999"
"0","F","101C00","","右側上顎犬歯近傍過剰歯現存歯部分指定なし","","99999999"
"0","F","101C10","","右側上顎犬歯近傍過剰歯部（部を示す場合に使用）部分指定なし","","99999999"
"0","F","101C30","","右側上顎犬歯近傍過剰歯支台歯部分指定なし","","99999999"
"0","F","101C90","","右側上顎犬歯近傍過剰歯近心位に存在部分指定なし","","99999999"
"0","F","101D00","","右側上顎第１小臼歯近傍過剰歯現存歯部分指定なし","","99999999"
"0","F","101D10","","右側上顎第１小臼歯近傍過剰歯部（部を示す場合に使用）部分指定なし","","99999999"
"0","F","101D30","","右側上顎第１小臼歯近傍過剰歯支台歯部分指定なし","","99999999"
"0","F","101D90","","右側上顎第１小臼歯近傍過剰歯近心位に存在部分指定なし","","99999999"
"0","F","101E00","","右側上顎第２小臼歯近傍過剰歯現存歯部分指定なし","","99999999"
"0","F","101E10","","右側上顎第２小臼歯近傍過剰歯部（部を示す場合に使用）部分指定なし","","99999999"
"0","F","101E30","","右側上顎第２小臼歯近傍過剰歯支台歯部分指定なし","","99999999"
"0","F","101E90","","右側上顎第２小臼歯近傍過剰歯近心位に存在部分指定なし","","99999999"
"0","F","101F00","","右側上顎第１大臼歯近傍過剰歯現存歯部分指定なし","","99999999"
"0","F","101F10","","右側上顎第１大臼歯近傍過剰歯部（部を示す場合に使用）部分指定なし","","99999999"
"0","F","101F30","","右側上顎第１大臼歯近傍過剰歯支台歯部分指定なし","","99999999"
"0","F","101F90","","右側上顎第１大臼歯近傍過剰歯近心位に存在部分指定なし","","99999999"
"0","F","101G00","","右側上顎第２大臼歯近傍過剰歯現存歯部分指定なし","","99999999"
"0","F","101G10","","右側上顎第２大臼歯近傍過剰歯部（部を示す場合に使用）部分指定なし","","99999999"
"0","F","101G30","","右側上顎第２大臼歯近傍過剰歯支台歯部分指定なし","","99999999"
"0","F","101G90","","右側上顎第２大臼歯近傍過剰歯近心位に存在部分指定なし","","99999999"
"0","F","101H00","","右側上顎第３大臼歯近傍過剰歯現存歯部分指定なし","","99999999"
"0","F","101H10","","右側上顎第３大臼歯近傍過剰歯部（部を示す場合に使用）部分指定なし","","99999999"
"0","F","101H30","","右側上顎第３大臼歯近傍過剰歯支台歯部分指定なし","","99999999"
"0","F","101H90","","右側上顎第３大臼歯近傍過剰歯近心位に存在部分指定なし","","99999999"
"0","F","102A00","","左側上顎中切歯近傍過剰歯現存歯部分指定なし","","99999999"
"0","F","102A10","","左側上顎中切歯近傍過剰歯部（部を示す場合に使用）部分指定なし","","99999999"
"0","F","102A30","","左側上顎中切歯近傍過剰歯支台歯部分指定なし","","99999999"
"0","F","102A90","","左側上顎中切歯近傍過剰歯近心位に存在部分指定なし","","99999999"
"0","F","102B00","","左側上顎側切歯近傍過剰歯現存歯部分指定なし","","99999999"
"0","F","102B10","","左側上顎側切歯近傍過剰歯部（部を示す場合に使用）部分指定なし","","99999999"
"0","F","102B30","","左側上顎側切歯近傍過剰歯支台歯部分指定なし","","99999999"
"0","F","102B90","","左側上顎側切歯近傍過剰歯近心位に存在部分指定なし","","99999999"
"0","F","102C00","","左側上顎犬歯近傍過剰歯現存歯部分指定なし","","99999999"
"0","F","102C10","","左側上顎犬歯近傍過剰歯部（部を示す場合に使用）部分指定なし","","99999999"
"0","F","102C30","","左側上顎犬歯近傍過剰歯支台歯部分指定なし","","99999999"
"0","F","102C90","","左側上顎犬歯近傍過剰歯近心位に存在部分指定なし","","99999999"
"0","F","102D00","","左側上顎第１小臼歯近傍過剰歯現存歯部分指定なし","","99999999"
"0","F","102D10","","左側上顎第１小臼歯近傍過剰歯部（部を示す場合に使用）部分指定なし","","99999999"
"0","F","102D30","","左側上顎第１小臼歯近傍過剰歯支台歯部分指定なし","","99999999"
"0","F","102D90","","左側上顎第１小臼歯近傍過剰歯近心位に存在部分指定なし","","99999999"
"0","F","102E00","","左側上顎第２小臼歯近傍過剰歯現存歯部分指定なし","","99999999"
"0","F","102E10","","左側上顎第２小臼歯近傍過剰歯部（部を示す場合に使用）部分指定なし","","99999999"
"0","F","102E30","","左側上顎第２小臼歯近傍過剰歯支台歯部分指定なし","","99999999"
"0","F","102E90","","左側上顎第２小臼歯近傍過剰歯近心位に存在部分指定なし","","99999999"
"0","F","102F00","","左側上顎第１大臼歯近傍過剰歯現存歯部分指定なし","","99999999"
"0","F","102F10","","左側上顎第１大臼歯近傍過剰歯部（部を示す場合に使用）部分指定なし","","99999999"
"0","F","102F30","","左側上顎第１大臼歯近傍過剰歯支台歯部分指定なし","","99999999"
"0","F","102F90","","左側上顎第１大臼歯近傍過剰歯近心位に存在部分指定なし","","99999999"
"0","F","102G00","","左側上顎第２大臼歯近傍過剰歯現存歯部分指定なし","","99999999"
"0","F","102G10","","左側上顎第２大臼歯近傍過剰歯部（部を示す場合に使用）部分指定なし","","99999999"
"0","F","102G30","","左側上顎第２大臼歯近傍過剰歯支台歯部分指定なし","","99999999"
"0","F","102G90","","左側上顎第２大臼歯近傍過剰歯近心位に存在部分指定なし","","99999999"
"0","F","102H00","","左側上顎第３大臼歯近傍過剰歯現存歯部分指定なし","","99999999"
"0","F","102H10","","左側上顎第３大臼歯近傍過剰歯部（部を示す場合に使用）部分指定なし","","99999999"
"0","F","102H30","","左側上顎第３大臼歯近傍過剰歯支台歯部分指定なし","","99999999"
"0","F","102H90","","左側上顎第３大臼歯近傍過剰歯近心位に存在部分指定なし","","99999999"
"0","F","103A00","","左側下顎中切歯近傍過剰歯現存歯部分指定なし","","99999999"
"0","F","103A10","","左側下顎中切歯近傍過剰歯部（部を示す場合に使用）部分指定なし","","99999999"
"0","F","103A30","","左側下顎中切歯近傍過剰歯支台歯部分指定なし","","99999999"
"0","F","103A90","","左側下顎中切歯近傍過剰歯近心位に存在部分指定なし","","99999999"
"0","F","103B00","","左側下顎側切歯近傍過剰歯現存歯部分指定なし","","99999999"
"0","F","103B10","","左側下顎側切歯近傍過剰歯部（部を示す場合に使用）部分指定なし","","99999999"
"0","F","103B30","","左側下顎側切歯近傍過剰歯支台歯部分指定なし","","99999999"
"0","F","103B90","","左側下顎側切歯近傍過剰歯近心位に存在部分指定なし","","99999999"
"0","F","103C00","","左側下顎犬歯近傍過剰歯現存歯部分指定なし","","99999999"
"0","F","103C10","","左側下顎犬歯近傍過剰歯部（部を示す場合に使用）部分指定なし","","99999999"
"0","F","103C30","","左側下顎犬歯近傍過剰歯支台歯部分指定なし","","99999999"
"0","F","103C90","","左側下顎犬歯近傍過剰歯近心位に存在部分指定なし","","99999999"
"0","F","103D00","","左側下顎第１小臼歯近傍過剰歯現存歯部分指定なし","","99999999"
"0","F","103D10","","左側下顎第１小臼歯近傍過剰歯部（部を示す場合に使用）部分指定なし","","99999999"
"0","F","103D30","","左側下顎第１小臼歯近傍過剰歯支台歯部分指定なし","","99999999"
"0","F","103D90","","左側下顎第１小臼歯近傍過剰歯近心位に存在部分指定なし","","99999999"
"0","F","103E00","","左側下顎第２小臼歯近傍過剰歯現存歯部分指定なし","","99999999"
"0","F","103E10","","左側下顎第２小臼歯近傍過剰歯部（部を示す場合に使用）部分指定なし","","99999999"
"0","F","103E30","","左側下顎第２小臼歯近傍過剰歯支台歯部分指定なし","","99999999"
"0","F","103E90","","左側下顎第２小臼歯近傍過剰歯近心位に存在部分指定なし","","99999999"
"0","F","103F00","","左側下顎第１大臼歯近傍過剰歯現存歯部分指定なし","","99999999"
"0","F","103F10","","左側下顎第１大臼歯近傍過剰歯部（部を示す場合に使用）部分指定なし","","99999999"
"0","F","103F30","","左側下顎第１大臼歯近傍過剰歯支台歯部分指定なし","","99999999"
"0","F","103F90","","左側下顎第１大臼歯近傍過剰歯近心位に存在部分指定なし","","99999999"
"0","F","103G00","","左側下顎第２大臼歯近傍過剰歯現存歯部分指定なし","","99999999"
"0","F","103G10","","左側下顎第２大臼歯近傍過剰歯部（部を示す場合に使用）部分指定なし","","99999999"
"0","F","103G30","","左側下顎第２大臼歯近傍過剰歯支台歯部分指定なし","","99999999"
"0","F","103G90","","左側下顎第２大臼歯近傍過剰歯近心位に存在部分指定なし","","99999999"
"0","F","103H00","","左側下顎第３大臼歯近傍過剰歯現存歯部分指定なし","","99999999"
"0","F","103H10","","左側下顎第３大臼歯近傍過剰歯部（部を示す場合に使用）部分指定なし","","99999999"
"0","F","103H30","","左側下顎第３大臼歯近傍過剰歯支台歯部分指定なし","","99999999"
"0","F","103H90","","左側下顎第３大臼歯近傍過剰歯近心位に存在部分指定なし","","99999999"
"0","F","104A00","","右側下顎中切歯近傍過剰歯現存歯部分指定なし","","99999999"
"0","F","104A10","","右側下顎中切歯近傍過剰歯部（部を示す場合に使用）部分指定なし","","99999999"
"0","F","104A30","","右側下顎中切歯近傍過剰歯支台歯部分指定なし","","99999999"
"0","F","104A90","","右側下顎中切歯近傍過剰歯近心位に存在部分指定なし","","99999999"
"0","F","104B00","","右側下顎側切歯近傍過剰歯現存歯部分指定なし","","99999999"
"0","F","104B10","","右側下顎側切歯近傍過剰歯部（部を示す場合に使用）部分指定なし","","99999999"
"0","F","104B30","","右側下顎側切歯近傍過剰歯支台歯部分指定なし","","99999999"
"0","F","104B90","","右側下顎側切歯近傍過剰歯近心位に存在部分指定なし","","99999999"
"0","F","104C00","","右側下顎犬歯近傍過剰歯現存歯部分指定なし","","99999999"
"0","F","104C10","","右側下顎犬歯近傍過剰歯部（部を示す場合に使用）部分指定なし","","99999999"
"0","F","104C30","","右側下顎犬歯近傍過剰歯支台歯部分指定なし","","99999999"
"0","F","104C90","","右側下顎犬歯近傍過剰歯近心位に存在部分指定なし","","99999999"
"0","F","104D00","","右側下顎第１小臼歯近傍過剰歯現存歯部分指定なし","","99999999"
"0","F","104D10","","右側下顎第１小臼歯近傍過剰歯部（部を示す場合に使用）部分指定なし","","99999999"
"0","F","104D30","","右側下顎第１小臼歯近傍過剰歯支台歯部分指定なし","","99999999"
"0","F","104D90","","右側下顎第１小臼歯近傍過剰歯近心位に存在部分指定なし","","99999999"
"0","F","104E00","","右側下顎第２小臼歯近傍過剰歯現存歯部分指定なし","","99999999"
"0","F","104E10","","右側下顎第２小臼歯近傍過剰歯部（部を示す場合に使用）部分指定なし","","99999999"
"0","F","104E30","","右側下顎第２小臼歯近傍過剰歯支台歯部分指定なし","","99999999"
"0","F","104E90","","右側下顎第２小臼歯近傍過剰歯近心位に存在部分指定なし","","99999999"
"0","F","104F00","","右側下顎第１大臼歯近傍過剰歯現存歯部分指定なし","","99999999"
"0","F","104F10","","右側下顎第１大臼歯近傍過剰歯部（部を示す場合に使用）部分指定なし","","99999999"
"0","F","104F30","","右側下顎第１大臼歯近傍過剰歯支台歯部分指定なし","","99999999"
"0","F","104F90","","右側下顎第１大臼歯近傍過剰歯近心位に存在部分指定なし","","99999999"
"0","F","104G00","","右側下顎第２大臼歯近傍過剰歯現存歯部分指定なし","","99999999"
"0","F","104G10","","右側下顎第２大臼歯近傍過剰歯部（部を示す場合に使用）部分指定なし","","99999999"
"0","F","104G30","","右側下顎第２大臼歯近傍過剰歯支台歯部分指定なし","","99999999"
"0","F","104G90","","右側下顎第２大臼歯近傍過剰歯近心位に存在部分指定なし","","99999999"
"0","F","104H00","","右側下顎第３大臼歯近傍過剰歯現存歯部分指定なし","","99999999"
"0","F","104H10","","右側下顎第３大臼歯近傍過剰歯部（部を示す場合に使用）部分指定なし","","99999999"
"0","F","104H30","","右側下顎第３大臼歯近傍過剰歯支台歯部分指定なし","","99999999"
"0","F","104H90","","右側下顎第３大臼歯近傍過剰歯近心位に存在部分指定なし","","99999999"
"0","F","105A00","","右側上顎乳中切歯近傍過剰歯現存歯部分指定なし","","99999999"
"0","F","105A30","","右側上顎乳中切歯近傍過剰歯支台歯部分指定なし","","99999999"
"0","F","105A90","","右側上顎乳中切歯近傍過剰歯近心位に存在部分指定なし","","99999999"
"0","F","105B00","","右側上顎乳側切歯近傍過剰歯現存歯部分指定なし","","99999999"
"0","F","105B30","","右側上顎乳側切歯近傍過剰歯支台歯部分指定なし","","99999999"
"0","F","105B90","","右側上顎乳側切歯近傍過剰歯近心位に存在部分指定なし","","99999999"
"0","F","105C00","","右側上顎乳犬歯近傍過剰歯現存歯部分指定なし","","99999999"
"0","F","105C30","","右側上顎乳犬歯近傍過剰歯支台歯部分指定なし","","99999999"
"0","F","105C90","","右側上顎乳犬歯近傍過剰歯近心位に存在部分指定なし","","99999999"
"0","F","105D00","","右側上顎第１乳臼歯近傍過剰歯現存歯部分指定なし","","99999999"
"0","F","105D30","","右側上顎第１乳臼歯近傍過剰歯支台歯部分指定なし","","99999999"
"0","F","105D90","","右側上顎第１乳臼歯近傍過剰歯近心位に存在部分指定なし","","99999999"
"0","F","105E00","","右側上顎第２乳臼歯近傍過剰歯現存歯部分指定なし","","99999999"
"0","F","105E30","","右側上顎第２乳臼歯近傍過剰歯支台歯部分指定なし","","99999999"
"0","F","105E90","","右側上顎第２乳臼歯近傍過剰歯近心位に存在部分指定なし","","99999999"
"0","F","106A00","","左側上顎乳中切歯近傍過剰歯現存歯部分指定なし","","99999999"
"0","F","106A30","","左側上顎乳中切歯近傍過剰歯支台歯部分指定なし","","99999999"
"0","F","106A90","","左側上顎乳中切歯近傍過剰歯近心位に存在部分指定なし","","99999999"
"0","F","106B00","","左側上顎乳側切歯近傍過剰歯現存歯部分指定なし","","99999999"
"0","F","106B30","","左側上顎乳側切歯近傍過剰歯支台歯部分指定なし","","99999999"
"0","F","106B90","","左側上顎乳側切歯近傍過剰歯近心位に存在部分指定なし","","99999999"
"0","F","106C00","","左側上顎乳犬歯近傍過剰歯現存歯部分指定なし","","99999999"
"0","F","106C30","","左側上顎乳犬歯近傍過剰歯支台歯部分指定なし","","99999999"
"0","F","106C90","","左側上顎乳犬歯近傍過剰歯近心位に存在部分指定なし","","99999999"
"0","F","106D00","","左側上顎第１乳臼歯近傍過剰歯現存歯部分指定なし","","99999999"
"0","F","106D30","","左側上顎第１乳臼歯近傍過剰歯支台歯部分指定なし","","99999999"
"0","F","106D90","","左側上顎第１乳臼歯近傍過剰歯近心位に存在部分指定なし","","99999999"
"0","F","106E00","","左側上顎第２乳臼歯近傍過剰歯現存歯部分指定なし","","99999999"
"0","F","106E30","","左側上顎第２乳臼歯近傍過剰歯支台歯部分指定なし","","99999999"
"0","F","106E90","","左側上顎第２乳臼歯近傍過剰歯近心位に存在部分指定なし","","99999999"
"0","F","107A00","","左側下顎乳中切歯近傍過剰歯現存歯部分指定なし","","99999999"
"0","F","107A30","","左側下顎乳中切歯近傍過剰歯支台歯部分指定なし","","99999999"
"0","F","107A90","","左側下顎乳中切歯近傍過剰歯近心位に存在部分指定なし","","99999999"
"0","F","107B00","","左側下顎乳側切歯近傍過剰歯現存歯部分指定なし","","99999999"
"0","F","107B30","","左側下顎乳側切歯近傍過剰歯支台歯部分指定なし","","99999999"
"0","F","107B90","","左側下顎乳側切歯近傍過剰歯近心位に存在部分指定なし","","99999999"
"0","F","107C00","","左側下顎乳犬歯近傍過剰歯現存歯部分指定なし","","99999999"
"0","F","107C30","","左側下顎乳犬歯近傍過剰歯支台歯部分指定なし","","99999999"
"0","F","107C90","","左側下顎乳犬歯近傍過剰歯近心位に存在部分指定なし","","99999999"
"0","F","107D00","","左側下顎第１乳臼歯近傍過剰歯現存歯部分指定なし","","99999999"
"0","F","107D30","","左側下顎第１乳臼歯近傍過剰歯支台歯部分指定なし","","99999999"
"0","F","107D90","","左側下顎第１乳臼歯近傍過剰歯近心位に存在部分指定なし","","99999999"
"0","F","107E00","","左側下顎第２乳臼歯近傍過剰歯現存歯部分指定なし","","99999999"
"0","F","107E30","","左側下顎第２乳臼歯近傍過剰歯支台歯部分指定なし","","99999999"
"0","F","107E90","","左側下顎第２乳臼歯近傍過剰歯近心位に存在部分指定なし","","99999999"
"0","F","108A00","","右側下顎乳中切歯近傍過剰歯現存歯部分指定なし","","99999999"
"0","F","108A30","","右側下顎乳中切歯近傍過剰歯支台歯部分指定なし","","99999999"
"0","F","108A90","","右側下顎乳中切歯近傍過剰歯近心位に存在部分指定なし","","99999999"
"0","F","108B00","","右側下顎乳側切歯近傍過剰歯現存歯部分指定なし","","99999999"
"0","F","108B30","","右側下顎乳側切歯近傍過剰歯支台歯部分指定なし","","99999999"
"0","F","108B90","","右側下顎乳側切歯近傍過剰歯近心位に存在部分指定なし","","99999999"
"0","F","108C00","","右側下顎乳犬歯近傍過剰歯現存歯部分指定なし","","99999999"
"0","F","108C30","","右側下顎乳犬歯近傍過剰歯支台歯部分指定なし","","99999999"
"0","F","108C90","","右側下顎乳犬歯近傍過剰歯近心位に存在部分指定なし","","99999999"
"0","F","108D00","","右側下顎第１乳臼歯近傍過剰歯現存歯部分指定なし","","99999999"
"0","F","108D30","","右側下顎第１乳臼歯近傍過剰歯支台歯部分指定なし","","99999999"
"0","F","108D90","","右側下顎第１乳臼歯近傍過剰歯近心位に存在部分指定なし","","99999999"
"0","F","108E00","","右側下顎第２乳臼歯近傍過剰歯現存歯部分指定なし","","99999999"
"0","F","108E30","","右側下顎第２乳臼歯近傍過剰歯支台歯部分指定なし","","99999999"
"0","F","108E90","","右側下顎第２乳臼歯近傍過剰歯近心位に存在部分指定なし","","99999999"
